{
    "blood": [
        {
            "donor_name": "Harry",
            "type": "O",
            "quantity": 500,
            "expiry_date": "2020-02-10",
            "input_date": "",
            "test_status": "tested",
            "source": "Coogee Hospital",
            "id": 0,
            "delivered_status": ""
        },
        {
            "donor_name": "John",
            "type": "AB",
            "quantity": 500,
            "expiry_date": "2019-10-13",
            "input_date": "",
            "test_status": "tested",
            "source": "Coogee Hospital",
            "id": 1,
            "delivered_status": ""
        },
        {
            "donor_name": "Lim",
            "type": "B",
            "quantity": 250,
            "expiry_date": "2019-12-10",
            "input_date": "",
            "test_status": "tested",
            "source": "Balmain Hospital",
            "id": 2,
            "delivered_status": ""
        },
        {
            "donor_name": "Steve",
            "type": "O",
            "quantity": 500,
            "expiry_date": "2019-07-10",
            "input_date": "2019-11-21",
            "test_status": "tested",
            "source": "Batmobile",
            "id": 3,
            "delivered_status": "no"
        },
        {
            "donor_name": "Nick",
            "type": "AB",
            "quantity": 500,
            "expiry_date": "2019-10-10",
            "input_date": "",
            "test_status": "not-tested",
            "source": "Batmobile",
            "id": 4,
            "delivered_status": ""
        },
        {
            "donor_name": "Nichols",
            "type": "B",
            "quantity": 250,
            "expiry_date": "2020-08-10",
            "input_date": "",
            "test_status": "tested",
            "source": "Coogee Hospital",
            "id": 6,
            "delivered_status": "no"
        },
        {
            "donor_name": "Emily",
            "type": "AB",
            "quantity": 500,
            "expiry_date": "2019-12-10",
            "input_date": "",
            "test_status": "tested",
            "source": "Kingsford Hospital",
            "id": 7,
            "delivered_status": "no"
        },
        {
            "donor_name": "Molly",
            "type": "B",
            "quantity": 250,
            "expiry_date": "2020-11-10",
            "input_date": "",
            "test_status": "not-tested",
            "source": "Batmobile",
            "id": 8,
            "delivered_status": "no"
        },
        {
            "donor_name": "Rachel",
            "type": "A",
            "quantity": 500,
            "expiry_date": "2020-10-01",
            "input_date": "2019-09-03",
            "test_status": "added",
            "source": "Alexandria Hospital",
            "id": 9,
            "delivered_status": ""
        },
        {
            "donor_name": "Josh",
            "type": "AB",
            "quantity": 500,
            "expiry_date": "2019-12-10",
            "input_date": "2019-11-21",
            "test_status": "added",
            "source": "Batmobile",
            "id": 10,
            "delivered_status": "no"
        },
        {
            "donor_name": "Leon",
            "type": "O",
            "quantity": 250,
            "expiry_date": "2019-12-10",
            "input_date": "2019-08-07",
            "test_status": "added",
            "source": "Kingston Hospital",
            "id": 11,
            "delivered_status": "no"
        },
        {
            "donor_name": "Bay",
            "type": "A",
            "quantity": 500,
            "expiry_date": "2019-12-01",
            "input_date": "2019-11-20",
            "test_status": "added",
            "source": "Batmobile",
            "id": 12,
            "delivered_status": ""
        },
        {
            "donor_name": "Yankee",
            "type": "O",
            "quantity": 500,
            "expiry_date": "2019-10-10",
            "input_date": "2019-09-07",
            "test_status": "added",
            "source": "Coogee Hospital",
            "id": 13,
            "delivered_status": "no"
        },
        {
            "donor_name": "Louisa",
            "type": "A",
            "quantity": 250,
            "expiry_date": "2020-09-10",
            "input_date": "2019-08-07",
            "test_status": "added",
            "source": "Balmain Hospital",
            "id": 15,
            "delivered_status": ""
        },
        {
            "donor_name": "Carol",
            "type": "O",
            "quantity": 500,
            "expiry_date": "2020-07-10",
            "input_date": "",
            "test_status": "tested",
            "source": "Randwick Hospital",
            "id": 16,
            "delivered_status": "no"
        },
        {
            "donor_name": "Sarah",
            "type": "AB",
            "quantity": 250,
            "expiry_date": "2019-10-10",
            "input_date": "",
            "test_status": "tested",
            "source": "Batmobile",
            "id": 17,
            "delivered_status": "no"
        },
        {
            "donor_name": "Coles",
            "type": "O",
            "quantity": 500,
            "expiry_date": "2019-12-31",
            "input_date": "",
            "test_status": "added",
            "source": "Kingston Hospital",
            "id": 18,
            "delivered_status": ""
        },
        {
            "donor_name": "Nichols",
            "type": "B",
            "quantity": 250,
            "expiry_date": "2020-08-10",
            "input_date": "2019-06-07",
            "test_status": "added",
            "source": "Kingston Hospital",
            "id": 19,
            "delivered_status": ""
        },
        {
            "donor_name": "May",
            "type": "B",
            "quantity": 250,
            "expiry_date": "2020-01-10",
            "input_date": "",
            "test_status": "tested",
            "source": "Kingsford Hospital",
            "id": 21,
            "delivered_status": ""
        },
        {
            "donor_name": "Harrison",
            "type": "O",
            "quantity": 500,
            "expiry_date": "2019-10-10",
            "input_date": "2019-11-21",
            "test_status": "tested",
            "source": "Batmobile",
            "id": 23,
            "delivered_status": "no"
        },
        {
            "donor_name": "Leo",
            "type": "B",
            "quantity": 250,
            "expiry_date": "2020-05-10",
            "input_date": "",
            "test_status": "tested",
            "source": "Balmain Hospital",
            "id": 25,
            "delivered_status": ""
        },
        {
            "donor_name": "Steven",
            "type": "O",
            "quantity": 500,
            "expiry_date": "2020-07-10",
            "input_date": "2019-05-02",
            "test_status": "added",
            "source": "Newtown Hospital",
            "id": 26,
            "delivered_status": ""
        },
        {
            "donor_name": "Nancy",
            "type": "A",
            "quantity": 500,
            "expiry_date": "2019-10-10",
            "input_date": "",
            "test_status": "tested",
            "source": "Coogee Hospital",
            "id": 27,
            "delivered_status": ""
        },
        {
            "donor_name": "Connie",
            "type": "O",
            "quantity": 500,
            "expiry_date": "2019-12-10",
            "input_date": "",
            "test_status": "tested",
            "source": "Batmobile",
            "id": 28,
            "delivered_status": ""
        },
        {
            "donor_name": "Jane",
            "type": "AB",
            "quantity": 500,
            "expiry_date": "2019-09-10",
            "input_date": "",
            "test_status": "tested",
            "source": "Newtown Hospital",
            "id": 29,
            "delivered_status": ""
        },
        {
            "donor_name": "Dan",
            "type": "AB",
            "quantity": 500,
            "expiry_date": "2018-09-10",
            "input_date": "2018-08-10",
            "test_status": "added",
            "source": "Newtown Hospital",
            "id": 30,
            "delivered_status": ""
        }
    ]
}