{
    "request": [
        {
            "medical_facility": "Coogee Hospital",
            "type": "O",
            "quantity": 500,
            "id": 0,
            "status": "yes"
        },
        {
            "medical_facility": "Randwick Hospital",
            "type": "A",
            "quantity": 250,
            "id": 1,
            "status": "yes"
        },
        {
            "medical_facility": "Newtown Hospital",
            "type": "AB",
            "quantity": 250,
            "id": 2,
            "status": "yes"
        },
        {
            "medical_facility": "Alexandria Hospital",
            "type": "A",
            "quantity": 500,
            "id": 3,
            "status": "yes"
        },
        {
            "medical_facility": "Kingston Hospital",
            "type": "B",
            "quantity": 750,
            "id": 4,
            "status": ""
        },
        {
            "medical_facility": "Randwick Hospital",
            "type": "AB",
            "quantity": 500,
            "id": 5,
            "status": ""
        },
        {
            "medical_facility": "Newtown Hospital",
            "type": "A",
            "quantity": 750,
            "id": 6,
            "status": "no"
        },
        {
            "medical_facility": "Coogee Hospital",
            "type": "AB",
            "quantity": 1000,
            "id": 7,
            "status": "no"
        },
        {
            "medical_facility": "Kingston Hospital",
            "type": "A",
            "quantity": 250,
            "id": 8,
            "status": ""
        },
        {
            "medical_facility": "Alexandria Hospital",
            "type": "B",
            "quantity": 250,
            "id": 9,
            "status": ""
        },
        {
            "medical_facility": "Coogee Hospital",
            "type": "B",
            "quantity": 250,
            "id": 10,
            "status": "no"
        },
        {
            "medical_facility": "Coogee Hospital",
            "type": "A",
            "quantity": 500,
            "id": 11,
            "status": ""
        }
    ]
}